system:index,active_proportion,activity_label,alert_id,classification,count,label,n_active,n_coca,n_forest,n_historical,n_pixels,region,threat_level,.geo
+3228+5553,0.0,LOW RISK: Intact forest or RADD false positive,+3228+5553,0,2,1,0,0,46,1,47,Madre de Dios,LOW,"{""geodesic"":false,""type"":""Point"",""coordinates"":[-71.49915925128302,-11.57308563684021]}"
+3228+5555,0.0,HISTORICAL DISTURBANCE: Abandoned site — possible Illegal gold mining,+3228+5555,1,1,1,0,0,10,35,45,Madre de Dios,MEDIUM,"{""geodesic"":false,""type"":""Point"",""coordinates"":[-71.49915925128302,-11.584314577891702]}"
+3228+5579,0.0,HISTORICAL DISTURBANCE: Abandoned site — possible Illegal gold mining,+3228+5579,1,1,1,0,0,14,31,45,Madre de Dios,MEDIUM,"{""geodesic"":false,""type"":""Point"",""coordinates"":[-71.49915925128302,-11.692112411986043]}"
+3228+5588,0.10638297872340426,LOW RISK: Intact forest or RADD false positive,+3228+5588,0,2,1,5,13,15,14,47,Madre de Dios,LOW,"{""geodesic"":false,""type"":""Point"",""coordinates"":[-71.49915925128302,-11.730290811561124]}"
+3228+5591,0.15555555555555556,COCA CULTIVATION detected — illegal narcotics production in protected area,+3228+5591,3,1,1,7,25,13,0,45,Madre de Dios,HIGH,"{""geodesic"":false,""type"":""Point"",""coordinates"":[-71.49915925128302,-11.746011329033218]}"
+3228+5605,0.4888888888888889,HISTORICAL DISTURBANCE: Abandoned site — possible Illegal gold mining,+3228+5605,1,2,1,22,0,0,23,45,Madre de Dios,MEDIUM,"{""geodesic"":false,""type"":""Point"",""coordinates"":[-71.49915925128302,-11.806647610711282]}"
+3228+5640,0.044444444444444446,LOW RISK: Intact forest or RADD false positive,+3228+5640,0,1,1,2,0,25,18,45,Madre de Dios,LOW,"{""geodesic"":false,""type"":""Point"",""coordinates"":[-71.49915925128302,-11.9660985736425]}"
+3228+5653,1.0,HIGH CONFIDENCE: Active Illegal gold mining,+3228+5653,2,2,1,47,0,0,0,47,Madre de Dios,CRITICAL,"{""geodesic"":false,""type"":""Point"",""coordinates"":[-71.49915925128302,-12.02224327889997]}"
+3228+5668,0.0,HISTORICAL DISTURBANCE: Abandoned site — possible Illegal gold mining,+3228+5668,1,1,1,0,0,1,44,45,Madre de Dios,MEDIUM,"{""geodesic"":false,""type"":""Point"",""coordinates"":[-71.49915925128302,-12.091862713419234]}"
+3228+5706,0.0,HISTORICAL DISTURBANCE: Abandoned site — possible Illegal gold mining,+3228+5706,1,1,1,0,8,0,37,45,Madre de Dios,MEDIUM,"{""geodesic"":false,""type"":""Point"",""coordinates"":[-71.49915925128302,-12.262542617401943]}"
+3228+5711,0.17777777777777778,HISTORICAL DISTURBANCE: Abandoned site — possible Illegal gold mining,+3228+5711,1,1,1,8,1,11,25,45,Madre de Dios,MEDIUM,"{""geodesic"":false,""type"":""Point"",""coordinates"":[-71.49915925128302,-12.28500049950493]}"
+3228+5723,0.5476190476190477,MODERATE CONFIDENCE: Likely active Illegal gold mining,+3228+5723,2,45,1,23,13,0,6,42,Madre de Dios,HIGH,"{""geodesic"":false,""type"":""Point"",""coordinates"":[-71.47161091590336,-12.316940598495846]}"
+3228+5809,0.2222222222222222,COCA CULTIVATION detected — illegal narcotics production in protected area,+3228+5809,3,1,1,10,28,0,7,45,Madre de Dios,HIGH,"{""geodesic"":false,""type"":""Point"",""coordinates"":[-71.49915925128302,-12.725174988723493]}"
+3228+5825,1.0,HIGH CONFIDENCE: Active Illegal gold mining,+3228+5825,2,2,1,10,0,0,0,10,Madre de Dios,CRITICAL,"{""geodesic"":false,""type"":""Point"",""coordinates"":[-71.49691346307272,-12.794794423242758]}"
+3229+5612,0.125,LOW RISK: Intact forest or RADD false positive,+3229+5612,0,9,1,6,0,26,16,48,Madre de Dios,LOW,"{""geodesic"":false,""type"":""Point"",""coordinates"":[-71.49317048272222,-11.831850345071304]}"
+3229+5614,0.0,LOW RISK: Intact forest or RADD false positive,+3229+5614,0,1,1,0,0,45,0,45,Madre de Dios,LOW,"{""geodesic"":false,""type"":""Point"",""coordinates"":[-71.49466767486241,-11.849317586706961]}"
+3229+5644,0.7111111111111111,HIGH CONFIDENCE: Active Illegal gold mining,+3229+5644,2,1,1,32,0,11,2,45,Madre de Dios,CRITICAL,"{""geodesic"":false,""type"":""Point"",""coordinates"":[-71.49466767486241,-11.984064879324889]}"
+3229+5650,0.4,LOW RISK: Intact forest or RADD false positive,+3229+5650,0,1,1,18,0,21,6,45,Madre de Dios,LOW,"{""geodesic"":false,""type"":""Point"",""coordinates"":[-71.49466767486241,-12.011014337848474]}"
+3229+5674,0.0,HISTORICAL DISTURBANCE: Abandoned site — possible Illegal gold mining,+3229+5674,1,2,1,0,1,0,48,49,Madre de Dios,MEDIUM,"{""geodesic"":false,""type"":""Point"",""coordinates"":[-71.49691346307272,-12.11656638373252]}"
+3229+5695,0.2,HISTORICAL DISTURBANCE: Abandoned site — possible Illegal gold mining,+3229+5695,1,1,1,9,0,8,28,45,Madre de Dios,MEDIUM,"{""geodesic"":false,""type"":""Point"",""coordinates"":[-71.49466767486241,-12.213135276775366]}"
+3229+5744,1.0,HIGH CONFIDENCE: Active Illegal gold mining,+3229+5744,2,2,1,30,0,0,0,30,Madre de Dios,CRITICAL,"{""geodesic"":false,""type"":""Point"",""coordinates"":[-71.49466767486241,-12.430976733174353]}"
+3229+5768,0.0,COCA CULTIVATION detected — illegal narcotics production in protected area,+3229+5768,3,1,1,0,13,0,0,13,Madre de Dios,HIGH,"{""geodesic"":false,""type"":""Point"",""coordinates"":[-71.49466767486241,-12.541020355478993]}"
+3229+5784,1.0,HIGH CONFIDENCE: Active Illegal gold mining,+3229+5784,2,4,1,9,0,0,0,9,Madre de Dios,CRITICAL,"{""geodesic"":false,""type"":""Point"",""coordinates"":[-71.49803635717787,-12.609516895893107]}"
+3229+5799,0.0,COCA CULTIVATION detected — illegal narcotics production in protected area,+3229+5799,3,3,1,0,43,0,0,43,Madre de Dios,HIGH,"{""geodesic"":false,""type"":""Point"",""coordinates"":[-71.49317048272222,-12.67726484023712]}"
+3229+5821,0.64,MODERATE CONFIDENCE: Likely active Illegal gold mining,+3229+5821,2,2,1,32,12,0,6,50,Madre de Dios,HIGH,"{""geodesic"":false,""type"":""Point"",""coordinates"":[-71.49242188665212,-12.776828117560369]}"
+3230+5550,0.0,HISTORICAL DISTURBANCE: Abandoned site — possible Illegal gold mining,+3230+5550,1,1,1,0,6,7,32,45,Madre de Dios,MEDIUM,"{""geodesic"":false,""type"":""Point"",""coordinates"":[-71.49017609844182,-11.561856695788714]}"
+3230+5561,0.0,HISTORICAL DISTURBANCE: Abandoned site — possible Illegal gold mining,+3230+5561,1,3,1,0,0,0,45,45,Madre de Dios,MEDIUM,"{""geodesic"":false,""type"":""Point"",""coordinates"":[-71.49017609844182,-11.609766844275091]}"
+3230+5564,0.0,LOW RISK: Intact forest or RADD false positive,+3230+5564,0,1,1,0,0,42,3,45,Madre de Dios,LOW,"{""geodesic"":false,""type"":""Point"",""coordinates"":[-71.49017609844182,-11.624738765677082]}"
+3230+5598,0.0,HISTORICAL DISTURBANCE: Abandoned site — possible Illegal gold mining,+3230+5598,1,1,1,0,0,0,45,45,Madre de Dios,MEDIUM,"{""geodesic"":false,""type"":""Point"",""coordinates"":[-71.49017609844182,-11.777452363977401]}"
+3230+5634,0.0,HISTORICAL DISTURBANCE: Abandoned site — possible Illegal gold mining,+3230+5634,1,1,1,0,0,0,45,45,Madre de Dios,MEDIUM,"{""geodesic"":false,""type"":""Point"",""coordinates"":[-71.49017609844182,-11.939149115118914]}"
+3230+5639,0.17777777777777778,HISTORICAL DISTURBANCE: Abandoned site — possible Illegal gold mining,+3230+5639,1,3,1,8,0,2,35,45,Madre de Dios,MEDIUM,"{""geodesic"":false,""type"":""Point"",""coordinates"":[-71.49017609844182,-11.957115420801303]}"
+3230+5701,0.1111111111111111,HISTORICAL DISTURBANCE: Abandoned site — possible Illegal gold mining,+3230+5701,1,5,1,5,0,5,35,45,Madre de Dios,MEDIUM,"{""geodesic"":false,""type"":""Point"",""coordinates"":[-71.49556599014653,-12.238288104730715]}"
+3230+5727,0.020833333333333332,HISTORICAL DISTURBANCE: Abandoned site — possible Illegal gold mining,+3230+5727,1,4,1,1,8,0,39,48,Madre de Dios,MEDIUM,"{""geodesic"":false,""type"":""Point"",""coordinates"":[-71.49242188665212,-12.352374145813892]}"
+3230+5765,0.06521739130434782,COCA CULTIVATION detected — illegal narcotics production in protected area,+3230+5765,3,2,1,3,42,0,1,46,Madre de Dios,HIGH,"{""geodesic"":false,""type"":""Point"",""coordinates"":[-71.49017609844182,-12.5252998380069]}"
+3230+5793,1.0,HIGH CONFIDENCE: Active Illegal gold mining,+3230+5793,2,4,1,33,0,0,0,33,Madre de Dios,CRITICAL,"{""geodesic"":false,""type"":""Point"",""coordinates"":[-71.49466767486241,-12.651063977783634]}"
+3230+5795,0.3783783783783784,COCA CULTIVATION detected — illegal narcotics production in protected area,+3230+5795,3,2,1,14,23,0,0,37,Madre de Dios,HIGH,"{""geodesic"":false,""type"":""Point"",""coordinates"":[-71.49242188665212,-12.66229291883513]}"
+3230+5817,0.22916666666666666,HISTORICAL DISTURBANCE: Abandoned site — possible Illegal gold mining,+3230+5817,1,3,1,11,0,1,36,48,Madre de Dios,MEDIUM,"{""geodesic"":false,""type"":""Point"",""coordinates"":[-71.49317048272222,-12.75961040794808]}"
+3231+5614,0.044444444444444446,LOW RISK: Intact forest or RADD false positive,+3231+5614,0,1,1,2,0,40,3,45,Madre de Dios,LOW,"{""geodesic"":false,""type"":""Point"",""coordinates"":[-71.48568452202122,-11.849317586706961]}"
+3231+5644,0.24444444444444444,HISTORICAL DISTURBANCE: Abandoned site — possible Illegal gold mining,+3231+5644,1,1,1,11,0,0,34,45,Madre de Dios,MEDIUM,"{""geodesic"":false,""type"":""Point"",""coordinates"":[-71.48568452202122,-11.984064879324889]}"
+3231+5651,0.0,HISTORICAL DISTURBANCE: Abandoned site — possible Illegal gold mining,+3231+5651,1,7,1,0,0,0,46,46,Madre de Dios,MEDIUM,"{""geodesic"":false,""type"":""Point"",""coordinates"":[-71.48119294560063,-12.010372684074104]}"
+3231+5672,0.1875,LOW RISK: Intact forest or RADD false positive,+3231+5672,0,2,1,9,0,23,16,48,Madre de Dios,LOW,"{""geodesic"":false,""type"":""Point"",""coordinates"":[-71.48793031023152,-12.109829019101623]}"
+3231+5699,0.0,LOW RISK: Intact forest or RADD false positive,+3231+5699,0,1,1,0,0,45,0,45,Madre de Dios,LOW,"{""geodesic"":false,""type"":""Point"",""coordinates"":[-71.48568452202122,-12.23110158245776]}"
+3231+5808,0.08888888888888889,HISTORICAL DISTURBANCE: Abandoned site — possible Illegal gold mining,+3231+5808,1,1,1,4,2,0,39,45,Madre de Dios,MEDIUM,"{""geodesic"":false,""type"":""Point"",""coordinates"":[-71.48568452202122,-12.720683412302899]}"
+3231+5814,0.4222222222222222,HISTORICAL DISTURBANCE: Abandoned site — possible Illegal gold mining,+3231+5814,1,1,1,19,4,0,22,45,Madre de Dios,MEDIUM,"{""geodesic"":false,""type"":""Point"",""coordinates"":[-71.48568452202122,-12.747632870826484]}"
+3232+5538,0.0,HISTORICAL DISTURBANCE: Abandoned site — possible Illegal gold mining,+3232+5538,1,3,1,0,0,0,48,48,Madre de Dios,MEDIUM,"{""geodesic"":false,""type"":""Point"",""coordinates"":[-71.48269013774083,-11.504963394461145]}"
+3232+5562,0.0,HISTORICAL DISTURBANCE: Abandoned site — possible Illegal gold mining,+3232+5562,1,7,1,0,0,4,43,47,Madre de Dios,MEDIUM,"{""geodesic"":false,""type"":""Point"",""coordinates"":[-71.47605971540565,-11.602280883574094]}"
+3232+5598,0.0,COCA CULTIVATION detected — illegal narcotics production in protected area,+3232+5598,3,1,1,0,19,9,17,45,Madre de Dios,HIGH,"{""geodesic"":false,""type"":""Point"",""coordinates"":[-71.48119294560063,-11.777452363977401]}"
+3232+5607,0.5116279069767442,MODERATE CONFIDENCE: Likely active Illegal gold mining,+3232+5607,2,2,1,22,0,0,21,43,Madre de Dios,HIGH,"{""geodesic"":false,""type"":""Point"",""coordinates"":[-71.47894715739032,-11.815630763552479]}"
+3232+5609,0.9459459459459459,HIGH CONFIDENCE: Active Illegal gold mining,+3232+5609,2,1,1,35,0,0,2,37,Madre de Dios,CRITICAL,"{""geodesic"":false,""type"":""Point"",""coordinates"":[-71.48119294560063,-11.826859704603974]}"
+3232+5624,0.5217391304347826,MODERATE CONFIDENCE: Likely active Illegal gold mining,+3232+5624,2,3,1,24,0,7,15,46,Madre de Dios,HIGH,"{""geodesic"":false,""type"":""Point"",""coordinates"":[-71.48568452202122,-11.891238966632537]}"
+3232+5627,0.5111111111111111,MODERATE CONFIDENCE: Likely active Illegal gold mining,+3232+5627,2,1,1,23,0,2,20,45,Madre de Dios,HIGH,"{""geodesic"":false,""type"":""Point"",""coordinates"":[-71.48119294560063,-11.90770808017473]}"
+3232+5737,1.0,HIGH CONFIDENCE: Active Illegal gold mining,+3232+5737,2,3,1,22,0,0,0,22,Madre de Dios,CRITICAL,"{""geodesic"":false,""type"":""Point"",""coordinates"":[-71.48418732988102,-12.39728991001987]}"
+3232+5811,0.022222222222222223,COCA CULTIVATION detected — illegal narcotics production in protected area,+3232+5811,3,1,1,1,24,0,20,45,Madre de Dios,HIGH,"{""geodesic"":false,""type"":""Point"",""coordinates"":[-71.48119294560063,-12.73415814156469]}"
+3233+5567,0.6888888888888889,MODERATE CONFIDENCE: Likely active Illegal gold mining,+3233+5567,2,1,1,31,0,0,14,45,Madre de Dios,HIGH,"{""geodesic"":false,""type"":""Point"",""coordinates"":[-71.47670136918003,-11.638213494938872]}"
+3233+5588,0.0,LOW RISK: Intact forest or RADD false positive,+3233+5588,0,1,1,0,8,33,4,45,Madre de Dios,LOW,"{""geodesic"":false,""type"":""Point"",""coordinates"":[-71.47670136918003,-11.732536599771423]}"
+3233+5595,0.7555555555555555,HIGH CONFIDENCE: Active Illegal gold mining,+3233+5595,2,4,1,34,5,5,1,45,Madre de Dios,CRITICAL,"{""geodesic"":false,""type"":""Point"",""coordinates"":[-71.48007005149547,-11.761731846505308]}"
+3233+5630,0.0,HISTORICAL DISTURBANCE: Abandoned site — possible Illegal gold mining,+3233+5630,1,2,1,0,4,2,43,49,Madre de Dios,MEDIUM,"{""geodesic"":false,""type"":""Point"",""coordinates"":[-71.47445558096973,-11.918937021226226]}"
+3233+5665,0.0,LOW RISK: Intact forest or RADD false positive,+3233+5665,0,1,1,0,0,44,1,45,Madre de Dios,LOW,"{""geodesic"":false,""type"":""Point"",""coordinates"":[-71.47670136918003,-12.07838798415744]}"
+3233+5703,0.12244897959183673,HISTORICAL DISTURBANCE: Abandoned site — possible Illegal gold mining,+3233+5703,1,3,1,6,0,6,37,49,Madre de Dios,MEDIUM,"{""geodesic"":false,""type"":""Point"",""coordinates"":[-71.47819856132023,-12.24607350385975]}"
+3233+5711,0.0,HISTORICAL DISTURBANCE: Abandoned site — possible Illegal gold mining,+3233+5711,1,4,1,0,0,12,36,48,Madre de Dios,MEDIUM,"{""geodesic"":false,""type"":""Point"",""coordinates"":[-71.48343873381093,-12.28500049950493]}"
+3233+5726,0.04,COCA CULTIVATION detected — illegal narcotics production in protected area,+3233+5726,3,2,1,2,44,0,4,50,Madre de Dios,HIGH,"{""geodesic"":false,""type"":""Point"",""coordinates"":[-71.47894715739032,-12.350128357603596]}"
+3233+5747,1.0,HIGH CONFIDENCE: Active Illegal gold mining,+3233+5747,2,2,1,16,0,0,0,16,Madre de Dios,CRITICAL,"{""geodesic"":false,""type"":""Point"",""coordinates"":[-71.47894715739032,-12.446697250646443]}"
+3233+5751,0.10256410256410256,COCA CULTIVATION detected — illegal narcotics production in protected area,+3233+5751,3,1,1,4,20,0,15,39,Madre de Dios,HIGH,"{""geodesic"":false,""type"":""Point"",""coordinates"":[-71.47670136918003,-12.464663556328835]}"
+3233+5779,0.45652173913043476,LOW RISK: Intact forest or RADD false positive,+3233+5779,2,25,1,21,0,5,20,46,Madre de Dios,LOW,"{""geodesic"":false,""type"":""Point"",""coordinates"":[-71.46717922716836,-12.573180042650472]}"
+3233+5781,0.2894736842105263,COCA CULTIVATION detected — illegal narcotics production in protected area,+3233+5781,3,1,1,11,21,0,6,38,Madre de Dios,HIGH,"{""geodesic"":false,""type"":""Point"",""coordinates"":[-71.47670136918003,-12.599410848946762]}"
+3233+5795,1.0,HIGH CONFIDENCE: Active Illegal gold mining,+3233+5795,2,1,1,8,0,0,0,8,Madre de Dios,CRITICAL,"{""geodesic"":false,""type"":""Point"",""coordinates"":[-71.47670136918003,-12.66229291883513]}"
+3234+5546,0.0,HISTORICAL DISTURBANCE: Abandoned site — possible Illegal gold mining,+3234+5546,1,1,1,0,0,0,45,45,Madre de Dios,MEDIUM,"{""geodesic"":false,""type"":""Point"",""coordinates"":[-71.47220979275943,-11.543890390106325]}"
+3234+5548,0.022222222222222223,HISTORICAL DISTURBANCE: Abandoned site — possible Illegal gold mining,+3234+5548,1,1,1,1,0,9,35,45,Madre de Dios,MEDIUM,"{""geodesic"":false,""type"":""Point"",""coordinates"":[-71.47220979275943,-11.552873542947518]}"
+3234+5554,0.46938775510204084,HISTORICAL DISTURBANCE: Abandoned site — possible Illegal gold mining,+3234+5554,1,6,1,23,0,0,26,49,Madre de Dios,MEDIUM,"{""geodesic"":false,""type"":""Point"",""coordinates"":[-71.47969575346042,-11.576828617190705]}"
+3234+5610,0.09523809523809523,HISTORICAL DISTURBANCE: Abandoned site — possible Illegal gold mining,+3234+5610,1,2,1,4,0,3,35,42,Madre de Dios,MEDIUM,"{""geodesic"":false,""type"":""Point"",""coordinates"":[-71.46996400454913,-11.829105492814273]}"
+3234+5614,0.0,LOW RISK: Intact forest or RADD false positive,+3234+5614,0,4,1,0,0,38,10,48,Madre de Dios,LOW,"{""geodesic"":false,""type"":""Point"",""coordinates"":[-71.47333268686458,-11.843703116181215]}"
+3234+5643,0.019230769230769232,LOW RISK: Intact forest or RADD false positive,+3234+5643,0,4,1,1,0,49,2,52,Madre de Dios,LOW,"{""geodesic"":false,""type"":""Point"",""coordinates"":[-71.47445558096973,-11.976204620588843]}"
+3234+5671,0.0,HISTORICAL DISTURBANCE: Abandoned site — possible Illegal gold mining,+3234+5671,1,7,1,0,0,0,48,48,Madre de Dios,MEDIUM,"{""geodesic"":false,""type"":""Point"",""coordinates"":[-71.46964317766195,-12.098920904937314]}"
+3234+5692,0.0,LOW RISK: Intact forest or RADD false positive,+3234+5692,0,103,1,0,0,34,15,49,Madre de Dios,LOW,"{""geodesic"":false,""type"":""Point"",""coordinates"":[-71.47726826717486,-12.158756676809494]}"
+3234+5729,0.0,COCA CULTIVATION detected — illegal narcotics production in protected area,+3234+5729,3,4,1,0,44,7,1,52,Madre de Dios,HIGH,"{""geodesic"":false,""type"":""Point"",""coordinates"":[-71.47445558096973,-12.36248019276024]}"
+3234+5768,0.26666666666666666,LOW RISK: Intact forest or RADD false positive,+3234+5768,0,1,1,12,0,19,14,45,Madre de Dios,LOW,"{""geodesic"":false,""type"":""Point"",""coordinates"":[-71.47220979275943,-12.541020355478993]}"
+3235+5552,0.26666666666666666,HISTORICAL DISTURBANCE: Abandoned site — possible Illegal gold mining,+3235+5552,1,1,1,12,0,0,33,45,Madre de Dios,MEDIUM,"{""geodesic"":false,""type"":""Point"",""coordinates"":[-71.46771821633882,-11.57083984862991]}"
+3235+5564,0.0,HISTORICAL DISTURBANCE: Abandoned site — possible Illegal gold mining,+3235+5564,1,3,1,0,8,4,33,45,Madre de Dios,MEDIUM,"{""geodesic"":false,""type"":""Point"",""coordinates"":[-71.46771821633882,-11.620247189256483]}"
+3235+5570,0.022222222222222223,HISTORICAL DISTURBANCE: Abandoned site — possible Illegal gold mining,+3235+5570,1,1,1,1,0,0,44,45,Madre de Dios,MEDIUM,"{""geodesic"":false,""type"":""Point"",""coordinates"":[-71.46771821633882,-11.651688224200667]}"
+3235+5585,0.0,COCA CULTIVATION detected — illegal narcotics production in protected area,+3235+5585,3,1,1,0,28,0,17,45,Madre de Dios,HIGH,"{""geodesic"":false,""type"":""Point"",""coordinates"":[-71.46771821633882,-11.719061870509632]}"
+3235+5591,0.0,HISTORICAL DISTURBANCE: Abandoned site — possible Illegal gold mining,+3235+5591,1,1,1,0,5,17,23,45,Madre de Dios,MEDIUM,"{""geodesic"":false,""type"":""Point"",""coordinates"":[-71.46771821633882,-11.746011329033218]}"
+3235+5605,0.02040816326530612,HISTORICAL DISTURBANCE: Abandoned site — possible Illegal gold mining,+3235+5605,1,21,1,1,6,0,42,49,Madre de Dios,MEDIUM,"{""geodesic"":false,""type"":""Point"",""coordinates"":[-71.46172944777803,-11.793065939153765]}"
+3235+5622,0.12244897959183673,HISTORICAL DISTURBANCE: Abandoned site — possible Illegal gold mining,+3235+5622,1,2,1,6,0,1,42,49,Madre de Dios,MEDIUM,"{""geodesic"":false,""type"":""Point"",""coordinates"":[-71.46996400454913,-11.883004409861444]}"
+3235+5656,0.0,HISTORICAL DISTURBANCE: Abandoned site — possible Illegal gold mining,+3235+5656,1,3,1,0,0,9,38,47,Madre de Dios,MEDIUM,"{""geodesic"":false,""type"":""Point"",""coordinates"":[-71.46472383205844,-12.033472219951465]}"
+3235+5658,0.0,HISTORICAL DISTURBANCE: Abandoned site — possible Illegal gold mining,+3235+5658,1,1,1,0,0,11,34,45,Madre de Dios,MEDIUM,"{""geodesic"":false,""type"":""Point"",""coordinates"":[-71.46771821633882,-12.046946949213256]}"
+3235+5752,0.2558139534883721,COCA CULTIVATION detected — illegal narcotics production in protected area,+3235+5752,3,2,1,11,16,0,16,43,Madre de Dios,HIGH,"{""geodesic"":false,""type"":""Point"",""coordinates"":[-71.46771821633882,-12.46690934453913]}"
+3235+5794,0.9,HIGH CONFIDENCE: Active Illegal gold mining,+3235+5794,2,1,1,9,1,0,0,10,Madre de Dios,CRITICAL,"{""geodesic"":false,""type"":""Point"",""coordinates"":[-71.46771821633882,-12.657801342414531]}"
+3236+5542,0.021739130434782608,COCA CULTIVATION detected — illegal narcotics production in protected area,+3236+5542,3,7,1,1,23,0,22,46,Madre de Dios,HIGH,"{""geodesic"":false,""type"":""Point"",""coordinates"":[-71.45809340972326,-11.514374316485254]}"
+3236+5547,0.0,HISTORICAL DISTURBANCE: Abandoned site — possible Illegal gold mining,+3236+5547,1,3,1,0,0,14,35,49,Madre de Dios,MEDIUM,"{""geodesic"":false,""type"":""Point"",""coordinates"":[-71.46172944777803,-11.545387582246521]}"
+3236+5580,0.32653061224489793,LOW RISK: Intact forest or RADD false positive,+3236+5580,2,2,1,16,15,4,14,49,Madre de Dios,LOW,"{""geodesic"":false,""type"":""Point"",""coordinates"":[-71.46547242812854,-11.694358200196342]}"
+3236+5587,0.0,LOW RISK: Intact forest or RADD false positive,+3236+5587,0,1,1,0,17,25,3,45,Madre de Dios,LOW,"{""geodesic"":false,""type"":""Point"",""coordinates"":[-71.46322663991823,-11.728045023350825]}"
+3236+5596,0.13333333333333333,HISTORICAL DISTURBANCE: Abandoned site — possible Illegal gold mining,+3236+5596,1,1,1,6,0,0,39,45,Madre de Dios,MEDIUM,"{""geodesic"":false,""type"":""Point"",""coordinates"":[-71.46322663991823,-11.768469211136205]}"
+3236+5634,0.0,HISTORICAL DISTURBANCE: Abandoned site — possible Illegal gold mining,+3236+5634,1,4,1,0,0,3,45,48,Madre de Dios,MEDIUM,"{""geodesic"":false,""type"":""Point"",""coordinates"":[-71.4598579576028,-11.932411750488017]}"
+3236+5642,0.6666666666666666,MODERATE CONFIDENCE: Likely active Illegal gold mining,+3236+5642,2,1,1,30,0,12,3,45,Madre de Dios,HIGH,"{""geodesic"":false,""type"":""Point"",""coordinates"":[-71.46322663991823,-11.975081726483696]}"
+3236+5650,0.0,HISTORICAL DISTURBANCE: Abandoned site — possible Illegal gold mining,+3236+5650,1,1,1,0,0,1,44,45,Madre de Dios,MEDIUM,"{""geodesic"":false,""type"":""Point"",""coordinates"":[-71.46322663991823,-12.011014337848474]}"
+3236+5666,0.022222222222222223,HISTORICAL DISTURBANCE: Abandoned site — possible Illegal gold mining,+3236+5666,1,1,1,1,0,4,40,45,Madre de Dios,MEDIUM,"{""geodesic"":false,""type"":""Point"",""coordinates"":[-71.46322663991823,-12.082879560578037]}"
+3236+5724,0.0,HISTORICAL DISTURBANCE: Abandoned site — possible Illegal gold mining,+3236+5724,1,6,1,0,8,0,38,46,Madre de Dios,MEDIUM,"{""geodesic"":false,""type"":""Point"",""coordinates"":[-71.45873506349764,-12.337402224411901]}"
+3236+5784,0.0,LOW RISK: Intact forest or RADD false positive,+3236+5784,0,1,1,0,0,45,0,45,Madre de Dios,LOW,"{""geodesic"":false,""type"":""Point"",""coordinates"":[-71.46322663991823,-12.612885578208553]}"
+3237+5544,0.0,HISTORICAL DISTURBANCE: Abandoned site — possible Illegal gold mining,+3237+5544,1,1,1,0,0,0,45,45,Madre de Dios,MEDIUM,"{""geodesic"":false,""type"":""Point"",""coordinates"":[-71.45873506349764,-11.534907237265129]}"
+3237+5563,0.0,COCA CULTIVATION detected — illegal narcotics production in protected area,+3237+5563,3,13,1,0,29,17,0,46,Madre de Dios,HIGH,"{""geodesic"":false,""type"":""Point"",""coordinates"":[-71.45424348707704,-11.607463471751705]}"
+3237+5594,0.0,LOW RISK: Intact forest or RADD false positive,+3237+5594,0,1,1,0,0,45,0,45,Madre de Dios,LOW,"{""geodesic"":false,""type"":""Point"",""coordinates"":[-71.45873506349764,-11.759486058295009]}"
+3237+5637,0.3469387755102041,HISTORICAL DISTURBANCE: Abandoned site — possible Illegal gold mining,+3237+5637,1,3,1,17,0,14,18,49,Madre de Dios,MEDIUM,"{""geodesic"":false,""type"":""Point"",""coordinates"":[-71.46023225563783,-11.949629460100306]}"
+3237+5692,0.0,LOW RISK: Intact forest or RADD false positive,+3237+5692,0,1,1,0,0,36,9,45,Madre de Dios,LOW,"{""geodesic"":false,""type"":""Point"",""coordinates"":[-71.45873506349764,-12.199660547513576]}"
+3237+5702,0.20833333333333334,COCA CULTIVATION detected — illegal narcotics production in protected area,+3237+5702,3,2,1,10,25,0,13,48,Madre de Dios,HIGH,"{""geodesic"":false,""type"":""Point"",""coordinates"":[-71.46098085170793,-12.24457631171955]}"
+3237+5742,1.0,HIGH CONFIDENCE: Active Illegal gold mining,+3237+5742,2,8,1,19,0,0,0,19,Madre de Dios,CRITICAL,"{""geodesic"":false,""type"":""Point"",""coordinates"":[-71.46547242812854,-12.412448980439388]}"
+3238+5609,0.0,LOW RISK: Intact forest or RADD false positive,+3238+5609,0,1,1,0,0,45,0,45,Madre de Dios,LOW,"{""geodesic"":false,""type"":""Point"",""coordinates"":[-71.45424348707704,-11.826859704603974]}"
+3238+5644,0.0,LOW RISK: Intact forest or RADD false positive,+3238+5644,0,27,1,0,0,45,0,45,Madre de Dios,LOW,"{""geodesic"":false,""type"":""Point"",""coordinates"":[-71.45208087620786,-11.967928475147188]}"
+3238+5661,0.0,LOW RISK: Intact forest or RADD false positive,+3238+5661,0,2,1,0,0,40,9,49,Madre de Dios,LOW,"{""geodesic"":false,""type"":""Point"",""coordinates"":[-71.45648927528734,-12.058175890264751]}"
+3239+5556,0.0,HISTORICAL DISTURBANCE: Abandoned site — possible Illegal gold mining,+3239+5556,1,1,1,0,0,13,32,45,Madre de Dios,MEDIUM,"{""geodesic"":false,""type"":""Point"",""coordinates"":[-71.44975191065645,-11.5888061543123]}"
+3239+5580,0.022222222222222223,LOW RISK: Intact forest or RADD false positive,+3239+5580,0,1,1,1,5,32,7,45,Madre de Dios,LOW,"{""geodesic"":false,""type"":""Point"",""coordinates"":[-71.44975191065645,-11.696603988406642]}"
+3239+5582,0.0,COCA CULTIVATION detected — illegal narcotics production in protected area,+3239+5582,3,2,1,0,40,8,0,48,Madre de Dios,HIGH,"{""geodesic"":false,""type"":""Point"",""coordinates"":[-71.45199769886673,-11.705587141247838]}"
+3239+5598,0.0,HISTORICAL DISTURBANCE: Abandoned site — possible Illegal gold mining,+3239+5598,1,1,1,0,0,11,34,45,Madre de Dios,MEDIUM,"{""geodesic"":false,""type"":""Point"",""coordinates"":[-71.44975191065645,-11.777452363977401]}"
+3239+5634,0.0,LOW RISK: Intact forest or RADD false positive,+3239+5634,0,1,1,0,0,37,8,45,Madre de Dios,LOW,"{""geodesic"":false,""type"":""Point"",""coordinates"":[-71.44975191065645,-11.939149115118914]}"
+3239+5664,0.0,LOW RISK: Intact forest or RADD false positive,+3239+5664,0,20,1,0,0,31,16,47,Madre de Dios,LOW,"{""geodesic"":false,""type"":""Point"",""coordinates"":[-71.47692594800105,-12.06199373022226]}"
+3239+5778,0.1111111111111111,HISTORICAL DISTURBANCE: Abandoned site — possible Illegal gold mining,+3239+5778,1,1,1,5,0,0,40,45,Madre de Dios,MEDIUM,"{""geodesic"":false,""type"":""Point"",""coordinates"":[-71.44975191065645,-12.585936119684968]}"
+3240+5575,0.0,HISTORICAL DISTURBANCE: Abandoned site — possible Illegal gold mining,+3240+5575,1,1,1,0,14,6,25,45,Madre de Dios,MEDIUM,"{""geodesic"":false,""type"":""Point"",""coordinates"":[-71.44526033423584,-11.674146106303654]}"
+3240+5584,0.0,LOW RISK: Intact forest or RADD false positive,+3240+5584,0,1,1,0,0,41,4,45,Madre de Dios,LOW,"{""geodesic"":false,""type"":""Point"",""coordinates"":[-71.44526033423584,-11.714570294089034]}"
+3240+5587,0.0,LOW RISK: Intact forest or RADD false positive,+3240+5587,0,1,1,0,0,45,0,45,Madre de Dios,LOW,"{""geodesic"":false,""type"":""Point"",""coordinates"":[-71.44526033423584,-11.728045023350825]}"
+3240+5592,0.0,LOW RISK: Intact forest or RADD false positive,+3240+5592,0,1,1,0,0,45,0,45,Madre de Dios,LOW,"{""geodesic"":false,""type"":""Point"",""coordinates"":[-71.44526033423584,-11.750502905453812]}"
+3240+5604,0.0,HISTORICAL DISTURBANCE: Abandoned site — possible Illegal gold mining,+3240+5604,1,1,1,0,0,10,35,45,Madre de Dios,MEDIUM,"{""geodesic"":false,""type"":""Point"",""coordinates"":[-71.44526033423584,-11.804401822500987]}"
+3240+5617,0.2222222222222222,HISTORICAL DISTURBANCE: Abandoned site — possible Illegal gold mining,+3240+5617,1,1,1,10,0,14,21,45,Madre de Dios,MEDIUM,"{""geodesic"":false,""type"":""Point"",""coordinates"":[-71.44526033423584,-11.862792315968756]}"
+3240+5624,0.021739130434782608,HISTORICAL DISTURBANCE: Abandoned site — possible Illegal gold mining,+3240+5624,1,63,1,1,0,4,41,46,Madre de Dios,MEDIUM,"{""geodesic"":false,""type"":""Point"",""coordinates"":[-71.4334966817057,-11.857730380637603]}"
+3240+5630,0.0851063829787234,LOW RISK: Intact forest or RADD false positive,+3240+5630,0,2,1,4,0,24,19,47,Madre de Dios,LOW,"{""geodesic"":false,""type"":""Point"",""coordinates"":[-71.44526033423584,-11.918937021226226]}"
+3240+5667,0.3111111111111111,HISTORICAL DISTURBANCE: Abandoned site — possible Illegal gold mining,+3240+5667,1,1,1,14,0,2,29,45,Madre de Dios,MEDIUM,"{""geodesic"":false,""type"":""Point"",""coordinates"":[-71.44526033423584,-12.087371136998636]}"
+3240+5681,0.24444444444444444,HISTORICAL DISTURBANCE: Abandoned site — possible Illegal gold mining,+3240+5681,1,1,1,11,15,0,19,45,Madre de Dios,MEDIUM,"{""geodesic"":false,""type"":""Point"",""coordinates"":[-71.44526033423584,-12.150253206887]}"
+3240+5683,0.0,COCA CULTIVATION detected — illegal narcotics production in protected area,+3240+5683,3,1,1,0,26,1,18,45,Madre de Dios,HIGH,"{""geodesic"":false,""type"":""Point"",""coordinates"":[-71.44526033423584,-12.159236359728196]}"
+3240+5760,0.0,COCA CULTIVATION detected — illegal narcotics production in protected area,+3240+5760,3,11,1,0,42,0,5,47,Madre de Dios,HIGH,"{""geodesic"":false,""type"":""Point"",""coordinates"":[-71.44689363475243,-12.495696266143872]}"
+3240+5767,0.0,COCA CULTIVATION detected — illegal narcotics production in protected area,+3240+5767,3,1,1,0,38,0,0,38,Madre de Dios,HIGH,"{""geodesic"":false,""type"":""Point"",""coordinates"":[-71.44526033423584,-12.536528779058395]}"
+3240+5776,0.7333333333333333,HIGH CONFIDENCE: Active Illegal gold mining,+3240+5776,2,2,1,33,0,3,9,45,Madre de Dios,CRITICAL,"{""geodesic"":false,""type"":""Point"",""coordinates"":[-71.44526033423584,-12.574707178633476]}"
+3241+5543,0.3333333333333333,HISTORICAL DISTURBANCE: Abandoned site — possible Illegal gold mining,+3241+5543,1,2,1,16,13,0,19,48,Madre de Dios,MEDIUM,"{""geodesic"":false,""type"":""Point"",""coordinates"":[-71.44301454602555,-11.53041566084453]}"
+3241+5545,0.1111111111111111,HISTORICAL DISTURBANCE: Abandoned site — possible Illegal gold mining,+3241+5545,1,1,1,5,0,0,40,45,Madre de Dios,MEDIUM,"{""geodesic"":false,""type"":""Point"",""coordinates"":[-71.44076875781525,-11.539398813685727]}"
+3241+5595,0.0,LOW RISK: Intact forest or RADD false positive,+3241+5595,0,2,1,0,0,47,0,47,Madre de Dios,LOW,"{""geodesic"":false,""type"":""Point"",""coordinates"":[-71.44076875781525,-11.761731846505308]}"
+3241+5599,0.0,LOW RISK: Intact forest or RADD false positive,+3241+5599,0,1,1,0,0,45,0,45,Madre de Dios,LOW,"{""geodesic"":false,""type"":""Point"",""coordinates"":[-71.44076875781525,-11.781943940397996]}"
+3241+5607,0.022222222222222223,LOW RISK: Intact forest or RADD false positive,+3241+5607,0,1,1,1,0,23,21,45,Madre de Dios,LOW,"{""geodesic"":false,""type"":""Point"",""coordinates"":[-71.44076875781525,-11.817876551762778]}"
+3241+5662,0.041666666666666664,LOW RISK: Intact forest or RADD false positive,+3241+5662,0,9,1,2,0,36,10,48,Madre de Dios,LOW,"{""geodesic"":false,""type"":""Point"",""coordinates"":[-71.44026969376851,-12.05692823014792]}"
+3241+5671,0.0,HISTORICAL DISTURBANCE: Abandoned site — possible Illegal gold mining,+3241+5671,1,5,1,0,0,20,25,45,Madre de Dios,MEDIUM,"{""geodesic"":false,""type"":""Point"",""coordinates"":[-71.44705696480409,-12.101744181544545]}"
+3241+5676,0.022222222222222223,HISTORICAL DISTURBANCE: Abandoned site — possible Illegal gold mining,+3241+5676,1,1,1,1,0,12,32,45,Madre de Dios,MEDIUM,"{""geodesic"":false,""type"":""Point"",""coordinates"":[-71.44076875781525,-12.127795324784012]}"
+3241+5689,0.0,COCA CULTIVATION detected — illegal narcotics production in protected area,+3241+5689,3,3,1,0,48,0,1,49,Madre de Dios,HIGH,"{""geodesic"":false,""type"":""Point"",""coordinates"":[-71.43927156567504,-12.183191433971382]}"
+3241+5693,0.0,HISTORICAL DISTURBANCE: Abandoned site — possible Illegal gold mining,+3241+5693,1,4,1,0,0,0,48,48,Madre de Dios,MEDIUM,"{""geodesic"":false,""type"":""Point"",""coordinates"":[-71.44413744013069,-12.201906335723875]}"
+3241+5695,0.0,HISTORICAL DISTURBANCE: Abandoned site — possible Illegal gold mining,+3241+5695,1,2,1,0,0,0,48,48,Madre de Dios,MEDIUM,"{""geodesic"":false,""type"":""Point"",""coordinates"":[-71.44301454602555,-12.213135276775366]}"
+3241+5739,0.041666666666666664,COCA CULTIVATION detected — illegal narcotics production in protected area,+3241+5739,3,15,1,2,34,0,12,48,Madre de Dios,HIGH,"{""geodesic"":false,""type"":""Point"",""coordinates"":[-71.44915303380036,-12.39399608731143]}"
+3242+5541,0.021739130434782608,COCA CULTIVATION detected — illegal narcotics production in protected area,+3242+5541,3,6,1,1,42,3,0,46,Madre de Dios,HIGH,"{""geodesic"":false,""type"":""Point"",""coordinates"":[-71.43627718139464,-11.51768952765284]}"
+3242+5547,0.0,HISTORICAL DISTURBANCE: Abandoned site — possible Illegal gold mining,+3242+5547,1,1,1,0,0,0,45,45,Madre de Dios,MEDIUM,"{""geodesic"":false,""type"":""Point"",""coordinates"":[-71.43627718139464,-11.54838196652692]}"
+3242+5571,0.4,HISTORICAL DISTURBANCE: Abandoned site — possible Illegal gold mining,+3242+5571,1,1,1,18,8,0,19,45,Madre de Dios,MEDIUM,"{""geodesic"":false,""type"":""Point"",""coordinates"":[-71.43627718139464,-11.656179800621265]}"
+3242+5580,0.0,LOW RISK: Intact forest or RADD false positive,+3242+5580,0,2,1,0,0,26,22,48,Madre de Dios,LOW,"{""geodesic"":false,""type"":""Point"",""coordinates"":[-71.43852296960495,-11.696603988406642]}"
+3242+5582,0.0,HISTORICAL DISTURBANCE: Abandoned site — possible Illegal gold mining,+3242+5582,1,1,1,0,1,7,37,45,Madre de Dios,MEDIUM,"{""geodesic"":false,""type"":""Point"",""coordinates"":[-71.43627718139464,-11.705587141247838]}"
+3242+5682,0.044444444444444446,HISTORICAL DISTURBANCE: Abandoned site — possible Illegal gold mining,+3242+5682,1,1,1,2,8,0,35,45,Madre de Dios,MEDIUM,"{""geodesic"":false,""type"":""Point"",""coordinates"":[-71.43627718139464,-12.154744783307597]}"
+3242+5720,0.10416666666666667,LOW RISK: Intact forest or RADD false positive,+3242+5720,0,2,1,5,0,43,0,48,Madre de Dios,LOW,"{""geodesic"":false,""type"":""Point"",""coordinates"":[-71.43852296960495,-12.325424687290306]}"
+3242+5741,0.11363636363636363,HISTORICAL DISTURBANCE: Abandoned site — possible Illegal gold mining,+3242+5741,1,1,1,5,2,7,30,44,Madre de Dios,MEDIUM,"{""geodesic"":false,""type"":""Point"",""coordinates"":[-71.43627718139464,-12.419747792122857]}"
+3243+5538,0.020833333333333332,HISTORICAL DISTURBANCE: Abandoned site — possible Illegal gold mining,+3243+5538,1,4,1,1,13,0,34,48,Madre de Dios,MEDIUM,"{""geodesic"":false,""type"":""Point"",""coordinates"":[-71.43515428728949,-11.504589096426097]}"
+3243+5558,0.044444444444444446,COCA CULTIVATION detected — illegal narcotics production in protected area,+3243+5558,3,1,1,2,39,0,4,45,Madre de Dios,HIGH,"{""geodesic"":false,""type"":""Point"",""coordinates"":[-71.43178560497405,-11.597789307153496]}"
+3243+5584,0.0,LOW RISK: Intact forest or RADD false positive,+3243+5584,0,1,1,0,2,43,0,45,Madre de Dios,LOW,"{""geodesic"":false,""type"":""Point"",""coordinates"":[-71.43178560497405,-11.714570294089034]}"
+3243+5603,0.0,LOW RISK: Intact forest or RADD false positive,+3243+5603,0,6,1,0,0,41,7,48,Madre de Dios,LOW,"{""geodesic"":false,""type"":""Point"",""coordinates"":[-71.43103700890396,-11.793172881449491]}"
+3243+5631,0.08888888888888889,LOW RISK: Intact forest or RADD false positive,+3243+5631,0,1,1,4,0,41,0,45,Madre de Dios,LOW,"{""geodesic"":false,""type"":""Point"",""coordinates"":[-71.43178560497405,-11.92567438585712]}"
+3243+5662,0.3111111111111111,LOW RISK: Intact forest or RADD false positive,+3243+5662,0,1,1,14,0,29,2,45,Madre de Dios,LOW,"{""geodesic"":false,""type"":""Point"",""coordinates"":[-71.43178560497405,-12.064913254895645]}"
+3243+5671,0.0,LOW RISK: Intact forest or RADD false positive,+3243+5671,0,2,1,0,0,47,0,47,Madre de Dios,LOW,"{""geodesic"":false,""type"":""Point"",""coordinates"":[-71.43178560497405,-12.103091654470726]}"
+3243+5684,0.5833333333333334,MODERATE CONFIDENCE: Likely active Illegal gold mining,+3243+5684,2,2,1,28,2,0,18,48,Madre de Dios,HIGH,"{""geodesic"":false,""type"":""Point"",""coordinates"":[-71.43403139318436,-12.163727936148794]}"
+3243+5694,0.022222222222222223,HISTORICAL DISTURBANCE: Abandoned site — possible Illegal gold mining,+3243+5694,1,1,1,1,0,0,44,45,Madre de Dios,MEDIUM,"{""geodesic"":false,""type"":""Point"",""coordinates"":[-71.43178560497405,-12.208643700354768]}"
+3243+5696,0.08888888888888889,LOW RISK: Intact forest or RADD false positive,+3243+5696,0,1,1,4,0,41,0,45,Madre de Dios,LOW,"{""geodesic"":false,""type"":""Point"",""coordinates"":[-71.43178560497405,-12.217626853195965]}"
+3243+5739,0.044444444444444446,COCA CULTIVATION detected — illegal narcotics production in protected area,+3243+5739,3,2,1,2,31,0,12,45,Madre de Dios,HIGH,"{""geodesic"":false,""type"":""Point"",""coordinates"":[-71.43178560497405,-12.408518851071362]}"
+3243+5744,0.0,HISTORICAL DISTURBANCE: Abandoned site — possible Illegal gold mining,+3243+5744,1,76,1,0,0,13,34,47,Madre de Dios,MEDIUM,"{""geodesic"":false,""type"":""Point"",""coordinates"":[-71.41594688812248,-12.392680134219786]}"
+3243+5766,1.0,HIGH CONFIDENCE: Active Illegal gold mining,+3243+5766,2,1,1,10,0,0,0,10,Madre de Dios,CRITICAL,"{""geodesic"":false,""type"":""Point"",""coordinates"":[-71.43178560497405,-12.532037202637797]}"
+3244+5554,0.3076923076923077,COCA CULTIVATION detected — illegal narcotics production in protected area,+3244+5554,3,13,1,12,27,0,0,39,Madre de Dios,HIGH,"{""geodesic"":false,""type"":""Point"",""coordinates"":[-71.41312828753465,-11.566693778087819]}"
+3244+5571,0.06666666666666667,HISTORICAL DISTURBANCE: Abandoned site — possible Illegal gold mining,+3244+5571,1,1,1,3,4,6,32,45,Madre de Dios,MEDIUM,"{""geodesic"":false,""type"":""Point"",""coordinates"":[-71.42729402855345,-11.656179800621265]}"
+3244+5581,0.0,HISTORICAL DISTURBANCE: Abandoned site — possible Illegal gold mining,+3244+5581,1,1,1,0,7,16,22,45,Madre de Dios,MEDIUM,"{""geodesic"":false,""type"":""Point"",""coordinates"":[-71.42729402855345,-11.70109556482724]}"
+3244+5587,0.0,COCA CULTIVATION detected — illegal narcotics production in protected area,+3244+5587,3,1,1,0,37,8,0,45,Madre de Dios,HIGH,"{""geodesic"":false,""type"":""Point"",""coordinates"":[-71.42729402855345,-11.728045023350825]}"
+3244+5633,0.4888888888888889,HISTORICAL DISTURBANCE: Abandoned site — possible Illegal gold mining,+3244+5633,1,1,1,22,0,0,23,45,Madre de Dios,MEDIUM,"{""geodesic"":false,""type"":""Point"",""coordinates"":[-71.42729402855345,-11.934657538698316]}"
+3244+5650,0.7111111111111111,HIGH CONFIDENCE: Active Illegal gold mining,+3244+5650,2,1,1,32,0,9,4,45,Madre de Dios,CRITICAL,"{""geodesic"":false,""type"":""Point"",""coordinates"":[-71.42729402855345,-12.011014337848474]}"
+3244+5668,0.0,LOW RISK: Intact forest or RADD false positive,+3244+5668,0,3,1,0,0,50,0,50,Madre de Dios,LOW,"{""geodesic"":false,""type"":""Point"",""coordinates"":[-71.42879122069365,-12.090365521279034]}"
+3244+5688,0.26666666666666666,COCA CULTIVATION detected — illegal narcotics production in protected area,+3244+5688,3,1,1,12,17,0,16,45,Madre de Dios,HIGH,"{""geodesic"":false,""type"":""Point"",""coordinates"":[-71.42729402855345,-12.181694241831183]}"
+3244+5690,0.022222222222222223,LOW RISK: Intact forest or RADD false positive,+3244+5690,0,1,1,1,5,29,10,45,Madre de Dios,LOW,"{""geodesic"":false,""type"":""Point"",""coordinates"":[-71.42729402855345,-12.19067739467238]}"
+3244+5701,0.02,LOW RISK: Intact forest or RADD false positive,+3244+5701,0,2,1,1,0,36,13,50,Madre de Dios,LOW,"{""geodesic"":false,""type"":""Point"",""coordinates"":[-71.42953981676375,-12.237838947088653]}"
+3244+5713,0.0,LOW RISK: Intact forest or RADD false positive,+3244+5713,0,20,1,0,0,41,5,46,Madre de Dios,LOW,"{""geodesic"":false,""type"":""Point"",""coordinates"":[-71.42998897440582,-12.28297929011566]}"
+3245+5562,0.0,HISTORICAL DISTURBANCE: Abandoned site — possible Illegal gold mining,+3245+5562,1,1,1,0,0,0,45,45,Madre de Dios,MEDIUM,"{""geodesic"":false,""type"":""Point"",""coordinates"":[-71.42280245213286,-11.615755612835885]}"
+3245+5564,0.0,HISTORICAL DISTURBANCE: Abandoned site — possible Illegal gold mining,+3245+5564,1,1,1,0,0,0,45,45,Madre de Dios,MEDIUM,"{""geodesic"":false,""type"":""Point"",""coordinates"":[-71.42280245213286,-11.624738765677082]}"
+3245+5568,0.15555555555555556,HISTORICAL DISTURBANCE: Abandoned site — possible Illegal gold mining,+3245+5568,1,1,1,7,1,0,37,45,Madre de Dios,MEDIUM,"{""geodesic"":false,""type"":""Point"",""coordinates"":[-71.42280245213286,-11.64270507135947]}"
+3245+5585,0.0,LOW RISK: Intact forest or RADD false positive,+3245+5585,0,1,1,0,2,24,19,45,Madre de Dios,LOW,"{""geodesic"":false,""type"":""Point"",""coordinates"":[-71.42280245213286,-11.719061870509632]}"
+3245+5629,0.04081632653061224,HISTORICAL DISTURBANCE: Abandoned site — possible Illegal gold mining,+3245+5629,1,3,1,2,0,0,47,49,Madre de Dios,MEDIUM,"{""geodesic"":false,""type"":""Point"",""coordinates"":[-71.42429964427305,-11.913696848735524]}"
+3245+5631,0.0,HISTORICAL DISTURBANCE: Abandoned site — possible Illegal gold mining,+3245+5631,1,1,1,0,0,13,32,45,Madre de Dios,MEDIUM,"{""geodesic"":false,""type"":""Point"",""coordinates"":[-71.42280245213286,-11.92567438585712]}"
+3245+5645,0.0,LOW RISK: Intact forest or RADD false positive,+3245+5645,0,1,1,0,0,45,0,45,Madre de Dios,LOW,"{""geodesic"":false,""type"":""Point"",""coordinates"":[-71.42280245213286,-11.988556455745487]}"
+3245+5656,0.0,HISTORICAL DISTURBANCE: Abandoned site — possible Illegal gold mining,+3245+5656,1,1,1,0,0,2,43,45,Madre de Dios,MEDIUM,"{""geodesic"":false,""type"":""Point"",""coordinates"":[-71.42280245213286,-12.03796379637206]}"
+3245+5686,0.0,LOW RISK: Intact forest or RADD false positive,+3245+5686,0,1,1,0,0,27,18,45,Madre de Dios,LOW,"{""geodesic"":false,""type"":""Point"",""coordinates"":[-71.42280245213286,-12.17271108898999]}"
+3245+5692,0.0,COCA CULTIVATION detected — illegal narcotics production in protected area,+3245+5692,3,1,1,0,41,0,4,45,Madre de Dios,HIGH,"{""geodesic"":false,""type"":""Point"",""coordinates"":[-71.42280245213286,-12.199660547513576]}"
+3245+5749,0.7352941176470589,HIGH CONFIDENCE: Active Illegal gold mining,+3245+5749,2,1,1,25,9,0,0,34,Madre de Dios,CRITICAL,"{""geodesic"":false,""type"":""Point"",""coordinates"":[-71.42280245213286,-12.455680403487639]}"
+3245+5751,0.8333333333333334,HIGH CONFIDENCE: Active Illegal gold mining,+3245+5751,2,1,1,30,6,0,0,36,Madre de Dios,CRITICAL,"{""geodesic"":false,""type"":""Point"",""coordinates"":[-71.42280245213286,-12.464663556328835]}"
+3245+5773,0.5666666666666667,MODERATE CONFIDENCE: Likely active Illegal gold mining,+3245+5773,2,58,1,17,12,0,1,30,Madre de Dios,HIGH,"{""geodesic"":false,""type"":""Point"",""coordinates"":[-71.41908528543995,-12.544350317308057]}"
+3246+5549,0.4,HISTORICAL DISTURBANCE: Abandoned site — possible Illegal gold mining,+3246+5549,1,5,1,18,1,0,26,45,Madre de Dios,MEDIUM,"{""geodesic"":false,""type"":""Point"",""coordinates"":[-71.42190413684874,-11.551076912379282]}"
+3246+5556,0.10869565217391304,COCA CULTIVATION detected — illegal narcotics production in protected area,+3246+5556,3,2,1,5,41,0,0,46,Madre de Dios,HIGH,"{""geodesic"":false,""type"":""Point"",""coordinates"":[-71.41606508750196,-11.586560366102]}"
+3246+5593,0.0,LOW RISK: Intact forest or RADD false positive,+3246+5593,0,1,1,0,0,45,0,45,Madre de Dios,LOW,"{""geodesic"":false,""type"":""Point"",""coordinates"":[-71.41831087571225,-11.75499448187441]}"
+3246+5661,0.020833333333333332,HISTORICAL DISTURBANCE: Abandoned site — possible Illegal gold mining,+3246+5661,1,2,1,1,0,9,38,48,Madre de Dios,MEDIUM,"{""geodesic"":false,""type"":""Point"",""coordinates"":[-71.42055666392255,-12.06042167847505]}"
+3246+5694,0.044444444444444446,HISTORICAL DISTURBANCE: Abandoned site — possible Illegal gold mining,+3246+5694,1,1,1,2,0,11,32,45,Madre de Dios,MEDIUM,"{""geodesic"":false,""type"":""Point"",""coordinates"":[-71.41831087571225,-12.208643700354768]}"
+3246+5699,0.0,LOW RISK: Intact forest or RADD false positive,+3246+5699,0,3,1,0,0,48,0,48,Madre de Dios,LOW,"{""geodesic"":false,""type"":""Point"",""coordinates"":[-71.42130525999265,-12.22960439031756]}"
+3246+5703,0.02127659574468085,HISTORICAL DISTURBANCE: Abandoned site — possible Illegal gold mining,+3246+5703,1,3,1,1,0,7,39,47,Madre de Dios,MEDIUM,"{""geodesic"":false,""type"":""Point"",""coordinates"":[-71.41531649143187,-12.24457631171955]}"
+3247+5545,0.0,HISTORICAL DISTURBANCE: Abandoned site — possible Illegal gold mining,+3247+5545,1,1,1,0,10,3,32,45,Madre de Dios,MEDIUM,"{""geodesic"":false,""type"":""Point"",""coordinates"":[-71.41381929929166,-11.539398813685727]}"
+3247+5569,0.0,COCA CULTIVATION detected — illegal narcotics production in protected area,+3247+5569,3,1,1,0,29,15,1,45,Madre de Dios,HIGH,"{""geodesic"":false,""type"":""Point"",""coordinates"":[-71.41381929929166,-11.647196647780069]}"
+3247+5597,0.0,LOW RISK: Intact forest or RADD false positive,+3247+5597,0,2,1,0,0,49,0,49,Madre de Dios,LOW,"{""geodesic"":false,""type"":""Point"",""coordinates"":[-71.41606508750196,-11.770714999346504]}"
+3247+5627,0.4,HISTORICAL DISTURBANCE: Abandoned site — possible Illegal gold mining,+3247+5627,1,1,1,18,0,3,24,45,Madre de Dios,MEDIUM,"{""geodesic"":false,""type"":""Point"",""coordinates"":[-71.41381929929166,-11.90770808017473]}"
+3247+5681,0.0,LOW RISK: Intact forest or RADD false positive,+3247+5681,0,11,1,0,0,51,0,51,Madre de Dios,LOW,"{""geodesic"":false,""type"":""Point"",""coordinates"":[-71.423210777262,-12.14249502943324]}"
+3247+5684,0.041666666666666664,HISTORICAL DISTURBANCE: Abandoned site — possible Illegal gold mining,+3247+5684,1,2,1,2,0,17,29,48,Madre de Dios,MEDIUM,"{""geodesic"":false,""type"":""Point"",""coordinates"":[-71.41606508750196,-12.163727936148794]}"
+3248+5538,0.0,LOW RISK: Intact forest or RADD false positive,+3248+5538,0,2,1,0,0,47,1,48,Madre de Dios,LOW,"{""geodesic"":false,""type"":""Point"",""coordinates"":[-71.41157351108136,-11.507957778741543]}"
